Client_no,Days_from_purchase,Brand,Buyer_age,Gender,Rating
243,10,Beko,49.0,M,0.0
497,14,Dyson,45.0,M,0.0
92,9,Tefal,58.0,M,0.0
43,10,Dyson,38.0,M,0.0
244,6,Tefal,42.0,M,0.5
488,6,Dyson,42.0,M,0.5
177,7,Electrolux,52.0,M,0.5
44,6,Electrolux,43.0,M,0.5
48,7,Beko,38.0,M,0.5
456,9,Electrolux,29.0,M,0.5
279,6,Electrolux,51.0,K,0.5
127,6,Electrolux,39.0,M,0.5
300,8,Tefal,29.0,M,1.0
429,8,Beko,26.0,M,1.0
503,5,Electrolux,30.0,M,1.0
255,10,Beko,39.0,M,1.0
299,7,Electrolux,37.0,M,1.0
298,9,Samsung,,M,1.0
264,11,Dyson,60.0,M,1.0
390,6,Tefal,51.0,M,1.0
261,8,Electrolux,27.0,M,1.0
216,5,Beko,41.0,M,1.0
476,7,Electrolux,31.0,M,1.0
87,6,Tefal,45.0,M,1.0
93,4,Electrolux,18.0,M,1.0
81,9,Beko,52.0,M,1.0
400,13,Tefal,34.0,K,1.0
480,13,Beko,32.0,M,1.0
479,5,Beko,38.0,M,1.0
160,9,Samsung,45.0,M,1.0
450,13,Electrolux,49.0,M,1.0
449,6,Electrolux,39.0,M,1.0
490,4,Dyson,48.0,M,1.0
70,3,Dyson,43.0,M,1.0
69,10,Tefal,53.0,M,1.0
68,4,Electrolux,37.0,M,1.0
214,7,Tefal,,M,1.0
433,8,Dyson,25.0,M,1.0
408,7,Electrolux,,M,1.0
457,7,Dyson,48.0,K,1.0
278,8,Beko,29.0,M,1.0
239,1,Dyson,43.0,M,1.0
197,5,Electrolux,61.0,M,1.0
342,3,Dyson,48.0,M,1.0
524,7,Samsung,27.0,K,1.0
122,8,Samsung,44.0,M,1.0
242,7,Beko,37.0,M,1.0
132,3,Dyson,46.0,M,1.0
419,11,Electrolux,39.0,M,1.0
327,6,Dyson,,M,1.0
154,8,Dyson,,M,1.0
144,9,Electrolux,,M,1.0
341,4,Electrolux,50.0,K,1.0
249,3,Beko,54.0,M,1.0
521,11,Samsung,48.0,M,1.0
317,9,Electrolux,53.0,M,1.0
439,4,Electrolux,29.0,M,1.0
38,13,Electrolux,40.0,M,1.0
357,5,Electrolux,27.0,M,1.0
382,7,Samsung,58.0,M,1.0
203,3,Tefal,35.0,M,1.0
318,10,Beko,38.0,M,1.0
274,11,Electrolux,36.0,M,1.5
238,7,Electrolux,39.0,M,1.5
190,5,Electrolux,62.0,M,1.5
235,6,Tefal,46.0,M,1.5
94,5,Beko,29.0,M,1.5
101,6,Electrolux,39.0,M,1.5
420,6,Tefal,26.0,M,1.5
396,6,Dyson,38.0,M,1.5
234,7,Tefal,43.0,M,1.5
145,7,Electrolux,36.0,M,1.5
121,9,Dyson,38.0,M,1.5
137,3,Beko,,K,1.5
406,14,Dyson,46.0,M,1.5
123,7,Tefal,41.0,M,1.5
223,5,Electrolux,38.0,M,1.5
454,8,Beko,63.0,M,1.5
125,8,Electrolux,53.0,M,1.5
426,12,Beko,44.0,M,1.5
463,8,Tefal,44.0,M,1.5
260,9,Electrolux,,M,1.5
111,10,Dyson,55.0,M,1.5
110,8,Tefal,39.0,M,1.5
416,3,Electrolux,42.0,M,1.5
131,9,Tefal,33.0,M,1.5
473,6,Tefal,39.0,K,1.5
136,8,Electrolux,41.0,K,1.5
158,5,Electrolux,54.0,M,1.5
404,6,Samsung,40.0,M,1.5
533,9,Electrolux,57.0,K,1.5
395,9,Beko,42.0,K,1.5
39,7,Beko,34.0,M,1.5
312,5,Electrolux,26.0,M,1.5
173,9,Electrolux,41.0,K,1.5
174,7,Samsung,50.0,bd.,1.5
437,4,Tefal,25.0,M,1.5
29,7,Electrolux,22.0,K,1.5
324,7,Electrolux,,M,1.5
328,4,Electrolux,42.0,M,1.5
24,3,Electrolux,41.0,M,1.5
199,15,Electrolux,44.0,K,1.5
22,7,Electrolux,38.0,M,1.5
21,4,Electrolux,25.0,M,1.5
514,6,Electrolux,20.0,M,1.5
331,8,Beko,22.0,M,1.5
179,8,Tefal,,M,1.5
335,9,Dyson,49.0,M,1.5
15,5,Samsung,47.0,M,1.5
345,5,Electrolux,32.0,M,1.5
346,7,Beko,36.0,M,1.5
526,4,Samsung,51.0,M,1.5
347,7,Beko,,K,1.5
529,8,Samsung,39.0,M,1.5
350,7,Electrolux,49.0,M,1.5
3,8,Beko,,M,1.5
530,9,Electrolux,26.0,K,1.5
310,4,Dyson,,M,1.5
483,8,Samsung,44.0,M,1.5
41,11,Samsung,43.0,M,1.5
305,7,Dyson,47.0,M,1.5
281,6,Tefal,,M,1.5
84,4,Electrolux,35.0,bd.,1.5
83,6,Beko,52.0,M,1.5
212,7,Beko,65.0,M,1.5
80,6,Dyson,45.0,K,1.5
394,6,Electrolux,29.0,M,1.5
78,9,Beko,46.0,M,1.5
284,7,Electrolux,42.0,K,1.5
485,8,Beko,41.0,M,1.5
424,5,Dyson,28.0,M,1.5
67,7,Beko,,M,1.5
308,11,Electrolux,62.0,M,1.5
393,7,Beko,32.0,M,1.5
207,6,Dyson,22.0,M,1.5
295,6,Beko,,M,1.5
296,7,Tefal,,M,1.5
46,10,Tefal,41.0,M,1.5
59,2,Samsung,33.0,M,1.5
56,7,Beko,20.0,M,1.5
500,5,Electrolux,30.0,K,1.5
291,12,Tefal,,M,1.5
54,7,Electrolux,47.0,M,1.5
52,12,Electrolux,47.0,M,1.5
170,14,Beko,31.0,M,1.5
205,4,Tefal,,M,1.5
208,5,Beko,43.0,M,2.0
213,8,Dyson,33.0,M,2.0
231,10,Beko,49.0,K,2.0
435,11,Beko,50.0,M,2.0
425,8,Tefal,41.0,K,2.0
277,4,Electrolux,33.0,M,2.0
240,7,Samsung,27.0,M,2.0
348,8,Dyson,38.0,M,2.0
340,11,Dyson,62.0,M,2.0
369,8,Dyson,,M,2.0
330,5,Beko,36.0,M,2.0
372,7,Electrolux,,M,2.0
379,9,Samsung,45.0,M,2.0
316,9,Beko,50.0,M,2.0
315,6,Dyson,49.0,M,2.0
314,6,Electrolux,34.0,M,2.0
386,3,Samsung,44.0,M,2.0
302,3,Electrolux,31.0,M,2.0
387,14,Samsung,46.0,M,2.0
292,10,Electrolux,46.0,M,2.0
290,3,Beko,47.0,M,2.0
288,8,Electrolux,38.0,K,2.0
392,10,Electrolux,52.0,M,2.0
282,8,Electrolux,39.0,M,2.0
272,5,Electrolux,49.0,M,2.0
270,2,Dyson,24.0,M,2.0
269,7,Dyson,45.0,M,2.0
268,12,Electrolux,42.0,M,2.0
405,10,Tefal,32.0,M,2.0
263,8,Electrolux,43.0,M,2.0
262,11,Dyson,,M,2.0
258,5,Electrolux,47.0,K,2.0
257,10,Electrolux,,M,2.0
250,6,Electrolux,,M,2.0
415,9,Electrolux,42.0,K,2.0
417,8,Dyson,40.0,M,2.0
423,11,Beko,26.0,M,2.0
187,9,Dyson,20.0,M,2.0
356,12,Electrolux,45.0,M,2.0
77,6,Dyson,43.0,M,2.0
472,5,Tefal,38.0,M,2.0
157,12,Samsung,53.0,M,2.0
112,6,Electrolux,,M,2.0
155,4,Electrolux,48.0,M,2.0
113,10,Beko,,K,2.0
509,8,Beko,55.0,bd.,2.0
114,7,Electrolux,33.0,M,2.0
32,6,Electrolux,26.0,M,2.0
33,10,Beko,,M,2.0
34,5,Tefal,39.0,M,2.0
35,14,Samsung,,M,2.0
61,10,Beko,27.0,K,2.0
149,7,Beko,28.0,M,2.0
79,9,Electrolux,50.0,M,2.0
460,7,Electrolux,38.0,M,2.0
42,3,Beko,25.0,M,2.0
461,8,Electrolux,,M,2.0
116,2,Dyson,53.0,M,2.0
140,13,Tefal,43.0,K,2.0
138,3,Electrolux,48.0,M,2.0
135,7,Electrolux,53.0,K,2.0
134,10,Electrolux,37.0,M,2.0
133,13,Electrolux,,M,2.0
464,4,Electrolux,44.0,M,2.0
466,14,Electrolux,,M,2.0
53,8,Beko,38.0,M,2.0
126,11,Dyson,55.0,M,2.0
501,7,Beko,35.0,M,2.0
120,8,Electrolux,37.0,K,2.0
50,10,Electrolux,27.0,M,2.0
107,9,Dyson,21.0,K,2.0
27,7,Dyson,41.0,M,2.0
451,7,Samsung,55.0,M,2.0
82,6,Tefal,28.0,M,2.0
85,9,Samsung,26.0,bd.,2.0
86,6,Electrolux,52.0,M,2.0
88,2,Beko,47.0,M,2.0
75,7,Tefal,40.0,M,2.0
74,6,Tefal,37.0,K,2.0
5,5,Beko,53.0,M,2.0
525,11,Electrolux,45.0,M,2.0
523,7,Tefal,,K,2.0
95,4,Tefal,46.0,M,2.0
487,6,Electrolux,33.0,M,2.0
518,4,Electrolux,30.0,bd.,2.0
355,9,Electrolux,26.0,M,2.0
496,9,Samsung,31.0,M,2.0
481,7,Electrolux,21.0,M,2.0
444,6,Dyson,37.0,M,2.0
166,7,Electrolux,41.0,M,2.0
26,10,Electrolux,34.0,M,2.0
162,9,Electrolux,34.0,M,2.0
510,10,Tefal,48.0,M,2.0
106,3,Beko,42.0,M,2.0
19,5,Beko,56.0,M,2.0
469,8,Beko,50.0,M,2.0
495,3,Dyson,,M,2.0
172,6,Dyson,46.0,M,2.0
445,6,Beko,41.0,M,2.0
446,5,Electrolux,20.0,M,2.0
293,12,Samsung,39.0,K,2.5
60,8,Electrolux,20.0,M,2.5
294,12,Dyson,42.0,K,2.5
58,8,Beko,,M,2.5
499,2,Electrolux,38.0,M,2.5
391,8,Electrolux,36.0,bd.,2.5
494,9,Beko,45.0,M,2.5
491,12,Electrolux,43.0,M,2.5
441,6,Electrolux,25.0,M,2.5
502,4,Beko,46.0,M,2.5
531,6,Beko,43.0,M,2.5
359,3,Beko,49.0,bd.,2.5
361,9,Samsung,50.0,M,2.5
362,6,Dyson,42.0,M,2.5
4,10,Beko,35.0,M,2.5
363,8,Beko,31.0,M,2.5
344,7,Electrolux,25.0,M,2.5
364,11,Tefal,31.0,M,2.5
520,6,Beko,47.0,M,2.5
338,4,Electrolux,40.0,M,2.5
368,6,Samsung,43.0,M,2.5
336,11,Beko,41.0,M,2.5
334,12,Dyson,,M,2.5
515,6,Dyson,39.0,M,2.5
511,6,Electrolux,29.0,M,2.5
329,4,Electrolux,44.0,M,2.5
326,5,Electrolux,48.0,M,2.5
371,6,Beko,47.0,K,2.5
28,5,Dyson,38.0,M,2.5
322,6,Electrolux,48.0,M,2.5
320,3,Beko,48.0,M,2.5
31,6,Tefal,33.0,M,2.5
508,4,Electrolux,50.0,M,2.5
506,7,Electrolux,24.0,M,2.5
307,6,Electrolux,49.0,M,2.5
385,7,Beko,42.0,bd.,2.5
505,14,Tefal,44.0,K,2.5
303,13,Electrolux,32.0,M,2.5
383,3,Electrolux,35.0,M,2.5
102,10,Beko,33.0,M,2.5
484,10,Beko,38.0,M,2.5
225,10,Dyson,47.0,K,2.5
224,6,Beko,47.0,bd.,2.5
285,7,Electrolux,,K,2.5
222,9,Electrolux,52.0,M,2.5
427,6,Electrolux,20.0,M,2.5
431,6,Beko,53.0,M,2.5
164,3,Tefal,51.0,M,2.5
165,6,Beko,20.0,M,2.5
211,9,Electrolux,31.0,M,2.5
209,6,Electrolux,46.0,M,2.5
171,8,Dyson,56.0,K,2.5
204,7,Beko,49.0,M,2.5
202,12,Electrolux,37.0,M,2.5
201,4,Beko,,M,2.5
198,6,Electrolux,48.0,M,2.5
180,10,Electrolux,39.0,K,2.5
196,10,Samsung,31.0,M,2.5
195,2,Beko,,M,2.5
194,6,Samsung,41.0,M,2.5
438,9,Electrolux,61.0,M,2.5
443,9,Dyson,41.0,M,2.5
191,5,Beko,32.0,M,2.5
182,8,Dyson,40.0,bd.,2.5
189,7,Electrolux,51.0,M,2.5
440,10,Electrolux,37.0,M,2.5
183,10,Electrolux,40.0,M,2.5
186,7,Dyson,42.0,M,2.5
226,12,Electrolux,36.0,K,2.5
153,9,Beko,25.0,M,2.5
178,8,Electrolux,38.0,M,2.5
229,11,Electrolux,41.0,M,2.5
254,5,Dyson,,M,2.5
228,5,Electrolux,50.0,M,2.5
259,6,Electrolux,53.0,M,2.5
468,6,Beko,23.0,M,2.5
532,5,Beko,,M,2.5
475,10,Electrolux,52.0,K,2.5
414,6,Electrolux,49.0,M,2.5
128,5,Dyson,,M,2.5
117,8,Electrolux,,M,2.5
256,6,Electrolux,,M,2.5
143,10,Electrolux,34.0,M,2.5
442,12,Electrolux,31.0,K,2.5
402,5,Electrolux,49.0,M,2.5
98,11,Tefal,55.0,K,2.5
148,6,Beko,46.0,M,2.5
96,10,Electrolux,45.0,M,2.5
275,5,Beko,33.0,M,2.5
230,6,Dyson,44.0,M,2.5
478,6,Beko,21.0,M,2.5
471,8,Dyson,,M,3.0
482,8,Beko,42.0,M,3.0
522,6,Dyson,41.0,M,3.0
528,2,Dyson,39.0,M,3.0
407,7,Beko,41.0,M,3.0
470,7,Electrolux,39.0,K,3.0
516,9,Electrolux,54.0,M,3.0
448,8,Samsung,40.0,M,3.0
370,3,Dyson,,M,3.0
410,8,Dyson,53.0,M,3.0
462,13,Tefal,,M,3.0
432,6,Dyson,26.0,K,3.0
430,5,Tefal,32.0,M,3.0
453,9,Electrolux,47.0,M,3.0
458,10,Dyson,43.0,M,3.0
507,3,Tefal,41.0,M,3.0
455,8,Electrolux,36.0,M,3.0
381,3,Electrolux,19.0,K,3.0
367,4,Electrolux,44.0,M,3.0
374,7,Electrolux,50.0,M,3.0
0,3,Electrolux,41.0,M,3.0
266,10,Dyson,59.0,M,3.0
297,7,Beko,37.0,M,3.0
97,11,Beko,38.0,M,3.0
100,5,Electrolux,45.0,M,3.0
104,5,Tefal,,M,3.0
105,8,Dyson,55.0,M,3.0
109,6,Electrolux,30.0,M,3.0
118,6,Beko,39.0,K,3.0
119,2,Beko,29.0,M,3.0
129,8,Electrolux,39.0,M,3.0
267,8,Electrolux,21.0,M,3.0
141,6,Beko,45.0,M,3.0
253,11,Electrolux,54.0,M,3.0
142,8,Beko,37.0,M,3.0
251,7,Electrolux,35.0,M,3.0
146,8,Beko,32.0,M,3.0
248,8,Beko,42.0,M,3.0
147,10,Beko,37.0,M,3.0
150,3,Dyson,44.0,bd.,3.0
168,5,Beko,36.0,M,3.0
354,9,Beko,26.0,M,3.0
176,7,Electrolux,25.0,K,3.0
185,14,Beko,47.0,M,3.0
236,10,Electrolux,30.0,M,3.0
206,8,Electrolux,39.0,M,3.0
227,8,Samsung,49.0,M,3.0
210,7,Tefal,42.0,M,3.0
217,8,Beko,40.0,M,3.0
90,7,Beko,42.0,M,3.0
89,13,Electrolux,42.0,M,3.0
99,7,Dyson,43.0,M,3.0
304,10,Beko,30.0,M,3.0
1,7,Electrolux,57.0,M,3.0
7,7,Dyson,51.0,M,3.0
8,15,Electrolux,50.0,M,3.0
13,8,Beko,39.0,M,3.0
14,14,Tefal,41.0,M,3.0
333,3,Beko,53.0,M,3.0
25,5,Tefal,22.0,M,3.0
301,7,Samsung,59.0,K,3.0
63,6,Electrolux,48.0,M,3.0
219,4,Dyson,34.0,M,3.0
73,3,Dyson,,M,3.0
309,11,Beko,42.0,M,3.0
313,7,Beko,46.0,M,3.0
311,7,Electrolux,42.0,M,3.0
319,11,Tefal,70.0,M,3.0
65,10,Electrolux,39.0,M,3.5
486,4,Dyson,,M,3.5
91,7,Electrolux,52.0,M,3.5
527,5,Electrolux,31.0,M,3.5
434,13,Beko,53.0,M,3.5
193,8,Beko,46.0,M,3.5
192,3,Tefal,30.0,M,3.5
218,5,Electrolux,44.0,M,3.5
519,10,Electrolux,43.0,M,3.5
16,4,Electrolux,29.0,M,3.5
169,7,Tefal,30.0,M,3.5
161,4,Electrolux,35.0,M,3.5
159,5,Electrolux,41.0,M,3.5
23,8,Dyson,53.0,M,3.5
108,7,Beko,51.0,M,3.5
36,5,Electrolux,44.0,K,3.5
40,7,Electrolux,33.0,M,3.5
49,8,Electrolux,,M,3.5
57,6,Samsung,40.0,M,3.5
72,2,Tefal,44.0,M,3.5
130,9,Electrolux,38.0,M,3.5
465,7,Beko,40.0,M,3.5
64,7,Tefal,38.0,K,3.5
517,11,Beko,50.0,bd.,3.5
30,3,Electrolux,52.0,M,3.5
358,3,Electrolux,49.0,K,3.5
289,5,Dyson,,M,3.5
247,12,Tefal,45.0,M,3.5
337,9,Dyson,51.0,M,3.5
413,9,Tefal,26.0,K,3.5
332,7,Electrolux,34.0,M,3.5
428,5,Dyson,38.0,K,3.5
323,11,Beko,35.0,M,3.5
339,3,Dyson,30.0,M,3.5
265,6,Tefal,57.0,M,3.5
401,7,Dyson,40.0,M,3.5
273,7,Beko,48.0,M,3.5
399,4,Tefal,39.0,M,3.5
398,9,Tefal,32.0,M,3.5
397,6,Electrolux,38.0,M,3.5
388,7,Electrolux,43.0,M,3.5
376,8,Dyson,32.0,K,3.5
246,5,Beko,35.0,bd.,3.5
325,15,Beko,21.0,K,3.5
360,7,Samsung,43.0,M,3.5
422,5,Electrolux,51.0,bd.,3.5
241,10,Dyson,34.0,M,3.5
418,0,Dyson,45.0,M,3.5
353,6,Beko,38.0,M,3.5
421,8,Dyson,45.0,M,3.5
237,10,Beko,41.0,K,3.5
351,9,Dyson,33.0,M,3.5
233,8,Samsung,39.0,M,3.5
352,9,Electrolux,,M,3.5
365,4,Beko,24.0,M,4.0
66,3,Tefal,27.0,M,4.0
380,11,Dyson,39.0,M,4.0
76,3,Dyson,49.0,M,4.0
389,5,Samsung,,M,4.0
489,7,Beko,25.0,M,4.0
493,7,Dyson,37.0,M,4.0
377,8,Tefal,47.0,M,4.0
378,6,Tefal,34.0,M,4.0
366,3,Electrolux,44.0,M,4.0
375,9,Electrolux,28.0,M,4.0
51,8,Beko,,M,4.0
47,5,Electrolux,,M,4.0
504,5,Beko,32.0,M,4.0
37,4,Beko,31.0,M,4.0
12,8,Electrolux,45.0,M,4.0
349,11,Beko,32.0,M,4.0
343,5,Electrolux,37.0,M,4.0
18,2,Beko,52.0,M,4.0
10,10,Electrolux,37.0,M,4.0
287,7,Beko,50.0,M,4.0
220,6,Dyson,56.0,M,4.0
283,13,Electrolux,,M,4.0
215,6,Beko,36.0,M,4.0
221,7,Electrolux,31.0,M,4.0
232,4,Electrolux,36.0,M,4.0
436,7,Electrolux,,K,4.0
200,6,Electrolux,36.0,M,4.0
181,4,Electrolux,45.0,M,4.0
245,5,Electrolux,42.0,M,4.0
163,8,Beko,52.0,M,4.0
452,5,Tefal,,M,4.0
151,12,Beko,27.0,M,4.0
286,4,Electrolux,28.0,M,4.0
411,10,Beko,41.0,M,4.0
175,9,Electrolux,33.0,M,4.0
474,12,Electrolux,,M,4.0
115,3,Electrolux,21.0,M,4.0
103,4,Electrolux,34.0,K,4.0
124,12,Tefal,29.0,M,4.0
477,10,Beko,58.0,M,4.0
17,7,Electrolux,45.0,M,4.5
513,7,Dyson,40.0,M,4.5
512,11,Electrolux,47.0,K,4.5
188,6,Beko,32.0,M,4.5
384,7,Electrolux,54.0,M,4.5
20,3,Beko,31.0,M,4.5
467,12,Tefal,45.0,M,4.5
321,6,Electrolux,39.0,M,4.5
6,5,Electrolux,27.0,K,4.5
2,9,Electrolux,,K,4.5
498,7,Beko,48.0,bd.,4.5
62,7,Electrolux,36.0,M,4.5
139,7,Electrolux,42.0,M,4.5
276,5,Tefal,20.0,M,4.5
9,8,Tefal,22.0,K,5.0
306,10,Beko,,M,5.0
11,4,Electrolux,27.0,M,5.0
184,8,Tefal,23.0,M,5.0
280,7,Electrolux,39.0,M,5.0
403,9,Tefal,42.0,M,5.0
167,7,Tefal,27.0,M,5.0
271,7,Beko,56.0,M,5.0
71,11,Electrolux,35.0,K,5.0
156,9,Electrolux,44.0,M,5.0
152,2,Electrolux,41.0,M,5.0
492,8,Tefal,36.0,M,5.0
373,9,Electrolux,32.0,K,5.0
45,5,Electrolux,34.0,K,5.0
459,7,Samsung,34.0,K,5.0
409,6,Electrolux,31.0,M,5.0
55,5,Electrolux,34.0,K,5.0
252,8,Electrolux,27.0,M,5.0
447,6,Electrolux,27.0,M,5.0
412,9,Electrolux,44.0,K,5.0
